ex-21535	95312bde1a333eee6bbf4944cf09255936e3bb84	a15feb42b45dd703352aa86d64df9415d763a45d	pr
ex-21438	c574c6f6a7b97795873149b433264366e88ee45a	1514caaec897be0dc60b4565d38f592246f39591	pr
ex-21693	d721981793dd9bd60ff29348c5fbec0e1586c180	0a17754a25a9c79dc02938e9458a9e8202785fa5	pr
ex-21614	ffdc9e26f803b42861f570e8640036baa54eff5e	3947e4bf42bf85a40b34e422848981291703e622	pr
ex-21651	54deef2e6831e8dc8df1c8fee96f9aae16232cf1^	54deef2e6831e8dc8df1c8fee96f9aae16232cf1	pr
ex-anchor-terraform-next-steps	-	6cd712fdd9	content/docs/iac/get-started/terraform/next-steps.md
ex-anchor-packages-repository-strategy	-	6cd712fdd9	content/docs/iac/guides/building-extending/packages/repository-strategy.md
br-21787-lts	8bd6efe4c6aac294185cf6d05bb16e6fbcd4d419^	8bd6efe4c6aac294185cf6d05bb16e6fbcd4d419	pr
br-21944-tfe	17c3b966e93a38ba479d9c4c43f687cdfb62efb3^	17c3b966e93a38ba479d9c4c43f687cdfb62efb3	pr
br-21911-jev	00470c2d19caef8edeb43fe4aafcb70885aeb2a6^	00470c2d19caef8edeb43fe4aafcb70885aeb2a6	pr
br-21871-statemig	83f9811033dbd380a6fd9271d5d516fe17ba4c8b^	83f9811033dbd380a6fd9271d5d516fe17ba4c8b	pr
br-21827-helm	f251f5300cf1ef44d4590fab00256aa657d86183^	f251f5300cf1ef44d4590fab00256aa657d86183	pr
br-21873-outputs	f40854756c7f4cd1e31b1e8b12427d838dc10914^	f40854756c7f4cd1e31b1e8b12427d838dc10914	pr
br-21849-protect	429d0a6d0398f0efb3307cf01af347b4e388099d^	429d0a6d0398f0efb3307cf01af347b4e388099d	pr
br-21900-cicd	bd39ff523b897a51aa2c3bc67c4890bf78f5305c^	bd39ff523b897a51aa2c3bc67c4890bf78f5305c	pr
